{
  "hash": "8cb50ff5",
  "configHash": "e75996b9",
  "lockfileHash": "b9297dc0",
  "browserHash": "b30cfde7",
  "optimized": {
    "@angular/common": {
      "src": "../../../../../../node_modules/@angular/common/fesm2022/common.mjs",
      "file": "@angular_common.js",
      "fileHash": "4e474432",
      "needsInterop": false
    },
    "@angular/common/http": {
      "src": "../../../../../../node_modules/@angular/common/fesm2022/http.mjs",
      "file": "@angular_common_http.js",
      "fileHash": "d1e26ae8",
      "needsInterop": false
    },
    "@angular/core": {
      "src": "../../../../../../node_modules/@angular/core/fesm2022/core.mjs",
      "file": "@angular_core.js",
      "fileHash": "365b33b8",
      "needsInterop": false
    },
    "@angular/forms": {
      "src": "../../../../../../node_modules/@angular/forms/fesm2022/forms.mjs",
      "file": "@angular_forms.js",
      "fileHash": "3de903bc",
      "needsInterop": false
    },
    "@angular/platform-browser": {
      "src": "../../../../../../node_modules/@angular/platform-browser/fesm2022/platform-browser.mjs",
      "file": "@angular_platform-browser.js",
      "fileHash": "8894566f",
      "needsInterop": false
    },
    "@angular/router": {
      "src": "../../../../../../node_modules/@angular/router/fesm2022/router.mjs",
      "file": "@angular_router.js",
      "fileHash": "3460d752",
      "needsInterop": false
    },
    "jspdf": {
      "src": "../../../../../../node_modules/jspdf/dist/jspdf.es.min.js",
      "file": "jspdf.js",
      "fileHash": "1ffb2604",
      "needsInterop": false
    },
    "jspdf-autotable": {
      "src": "../../../../../../node_modules/jspdf-autotable/dist/jspdf.plugin.autotable.mjs",
      "file": "jspdf-autotable.js",
      "fileHash": "574a4876",
      "needsInterop": false
    }
  },
  "chunks": {
    "html2canvas.esm-ZNF64ISW": {
      "file": "html2canvas__esm-ZNF64ISW.js"
    },
    "purify.es-4ZNAMFB3": {
      "file": "purify__es-4ZNAMFB3.js"
    },
    "index.es-LRPORJ4R": {
      "file": "index__es-LRPORJ4R.js"
    },
    "chunk-WUUVWCMF": {
      "file": "chunk-WUUVWCMF.js"
    },
    "chunk-DRHSD4CI": {
      "file": "chunk-DRHSD4CI.js"
    },
    "chunk-XBBJJ4WH": {
      "file": "chunk-XBBJJ4WH.js"
    },
    "chunk-EGVZ4C6N": {
      "file": "chunk-EGVZ4C6N.js"
    },
    "chunk-GN46L43H": {
      "file": "chunk-GN46L43H.js"
    },
    "chunk-LCQWK4G2": {
      "file": "chunk-LCQWK4G2.js"
    },
    "chunk-TXDUYLVM": {
      "file": "chunk-TXDUYLVM.js"
    }
  }
}